project,source_relative_path,staged_path,source_bytes,source_modified_utc,source_sha256,staged_sha256,unchanged_copy
RetailIQ,RetailIq\data\raw\customer_segmentation\customer_segmentation_dataset.csv,retailIq_datasets/raw/customer_segmentation/customer_segmentation_dataset.csv,7602953,2026-06-05T13:35:25.713189+00:00,959c763725dce54788b0921486d0f9267059bd84169a7caf529f79d5b11853c4,959c763725dce54788b0921486d0f9267059bd84169a7caf529f79d5b11853c4,True
RetailIQ,RetailIq\data\raw\online_retail\purchase_pattern_analysis_dataset.csv,retailIq_datasets/raw/online_retail/purchase_pattern_analysis_dataset.csv,44295357,2026-06-16T11:42:49.561717+00:00,0829a2cd7a12ecbc265bfd26f344fd91213a8eb1105010f33c4e6537a6b00045,0829a2cd7a12ecbc265bfd26f344fd91213a8eb1105010f33c4e6537a6b00045,True
RetailIQ processed reference,RetailIq\python\outputs\clean_online_retail_sales.csv,retailIq_datasets/processed/clean_online_retail_sales.csv,54117817,2026-06-25T12:14:19.705161+00:00,83af9e0b89748d03c834a2956ada1eb7834de393397e241dbf2bed16ec8c912e,83af9e0b89748d03c834a2956ada1eb7834de393397e241dbf2bed16ec8c912e,True
RetailIQ saved KPI reference,RetailIq\python\outputs\executive_kpis.csv,retailIq_datasets/processed/executive_kpis.csv,174,2026-06-25T13:02:04.286359+00:00,8cdb70567f032f2aca8635b1b5083b90f8f483ed238f2bb1ec372f29a87d816e,8cdb70567f032f2aca8635b1b5083b90f8f483ed238f2bb1ec372f29a87d816e,True
RetailIQ,RetailIq\data\raw\instacart\aisles.csv,retailIq_datasets/raw/instacart/aisles.csv,2827,2026-06-12T07:50:15.938436+00:00,6e423397cde8b2b4bce46ad6ae134ac4f4e410cbcc0ab02fa1308e7f1ea07878,6e423397cde8b2b4bce46ad6ae134ac4f4e410cbcc0ab02fa1308e7f1ea07878,True
RetailIQ,RetailIq\data\raw\instacart\departments.csv,retailIq_datasets/raw/instacart/departments.csv,280,2026-06-12T07:53:04.609152+00:00,c935c6fe28da78d84ab69b4f59fee70f9ee316cff101cc0076ed034222737ac4,c935c6fe28da78d84ab69b4f59fee70f9ee316cff101cc0076ed034222737ac4,True
RetailIQ,RetailIq\data\raw\instacart\products.csv,retailIq_datasets/raw/instacart/products.csv,2258808,2026-06-12T08:07:44.680424+00:00,6232d6491e748c0d77f05370fe180eabf1e38135a24488d4b364a93630e0fcd6,6232d6491e748c0d77f05370fe180eabf1e38135a24488d4b364a93630e0fcd6,True
RetailIQ,RetailIq\data\raw\instacart\orders.csv,retailIq_datasets/raw/instacart/orders.csv,17203200,2026-06-12T08:05:49.937947+00:00,3c99be03d2318c960d74ecc05c9d1305699dd74501fb04a27ea9677f8e1c331b,3c99be03d2318c960d74ecc05c9d1305699dd74501fb04a27ea9677f8e1c331b,True
RetailIQ,RetailIq\data\raw\instacart\order_products_train.csv,retailIq_datasets/raw/instacart/order_products_train.csv,18563040,2026-06-12T07:59:12.797224+00:00,76a8c46f77d39545442e7933691f0b556bec1c9d5bbe75ac7fc26a45531a3332,76a8c46f77d39545442e7933691f0b556bec1c9d5bbe75ac7fc26a45531a3332,True
Customer Behaviour,Customer Behaviour\data\raw\customer_shopping_behavior.csv,customer_behaviour dataset/raw/customer_shopping_behavior.csv,416506,2026-01-31T10:31:26.794757+00:00,d1f0b8e906cde9d909361ea28f08b0f33e74659ed4a42cd1d747fd9db2ffa701,d1f0b8e906cde9d909361ea28f08b0f33e74659ed4a42cd1d747fd9db2ffa701,True
Customer Behaviour,Customer Behaviour\data\processed\customer_shopping_cleaned.csv,customer_behaviour dataset/processed/customer_shopping_cleaned.csv,558801,2026-02-09T19:34:54.296028+00:00,647ec8b5afdc6a52e10e4de11cfc6c9f5da68b8edf9b65c8b588490ea74efb7f,647ec8b5afdc6a52e10e4de11cfc6c9f5da68b8edf9b65c8b588490ea74efb7f,True
Customer Behaviour,Customer Behaviour\data\processed\customer_shopping_sql.csv,customer_behaviour dataset/processed/customer_shopping_sql.csv,558801,2026-02-09T19:35:39.906179+00:00,647ec8b5afdc6a52e10e4de11cfc6c9f5da68b8edf9b65c8b588490ea74efb7f,647ec8b5afdc6a52e10e4de11cfc6c9f5da68b8edf9b65c8b588490ea74efb7f,True
Retail Sales Analysis,Sales-Analytics Dashboard\online_retail_II.csv,sales_analytics_dataset/online_retail_II.csv,94850204,2025-12-19T02:32:29.185166+00:00,32569a66f3842a82b0d8c4d63b263c5d98a76bde5d1f65c6c01bf457e541d3a9,32569a66f3842a82b0d8c4d63b263c5d98a76bde5d1f65c6c01bf457e541d3a9,True
ShopLens Analytics,ShopLens\data\raw\online_retail_II.xlsx,shoplens_dataset/online_retail_II.xlsx,45621894,2026-06-08T09:17:41.357874+00:00,31e02de561fc5adf7c4442fa6820b867cf90b1c56a466a4f60353828fa0b3e53,31e02de561fc5adf7c4442fa6820b867cf90b1c56a466a4f60353828fa0b3e53,True
